Order_ID,Order_Date,Customer_ID,Customer_Name,Region,City,Category,Sub_Category,Product_Name,Quantity,Price,Discount,Payment_Mode,Shipping_Cost,Profit
ORD10002,2025-10-07,CUST1023,Customer 109,North,Delhi,Home,Kitchen,Mixer Grinder,4,2786,25,COD,386,7972
ORD10003,2025-12-26,CUST1140,Customer 108,North,Delhi,Electronics,Mobile,iPhone,1,74363,5,Card,372,70272.85
ORD10004,2025-03-21,CUST1056,Customer 87,South,Kochi,Home,Kitchen,Mixer Grinder,3,11938,15,UPI,182,30259.9
ORD10005,2025-08-24,CUST1138,Customer 32,North,Delhi,Clothing,Men,Men Jeans,6,2872,10,COD,413,15095.8
ORD10006,2025-01-24,CUST1059,Customer 75,West,Mumbai,Home,Kitchen,Cookware Set,6,9959,5,Card,75,56691.3
ORD10007,2025-04-18,CUST1069,Customer 19,North,Jaipur,Electronics,Laptop,Lenovo IdeaPad,8,48619,5,UPI,221,369283.4
ORD10008,2025-01-29,CUST1059,Customer 9,South,Chennai,Electronics,Laptop,Acer Aspire,5,73800,5,Card,206,350344
ORD10009,2025-11-26,CUST1118,Customer 37,East,Ranchi,Clothing,Men,Men T-Shirt,6,1270,25,UPI,242,5473
ORD10010,2025-04-23,CUST1036,Customer 131,East,Bhubaneswar,Electronics,Headphones,Sony Headphones,5,56955,20,UPI,225,227595
ORD10011,2025-07-15,CUST1120,Customer 136,West,Mumbai,Electronics,Mobile,iPhone,3,56133,20,COD,237,134482.2
ORD10012,2025-08-11,CUST1041,Customer 117,East,Kolkata,Home,Decor,Wall Clock,5,11001,10,COD,190,49314.5
ORD10013,2025-11-08,CUST1051,Customer 40,North,Chandigarh,Home,Furniture,Bookshelf,2,10744,10,Card,299,19040.2
ORD10014,2025-06-07,CUST1062,Customer 15,East,Bhubaneswar,Home,Decor,Wall Clock,6,8505,0,COD,225,50805
ORD10015,2025-09-01,CUST1141,Customer 43,South,Bengaluru,Electronics,Headphones,JBL Headphones,2,70622,5,COD,377,133804.8
ORD10016,2025-07-11,CUST1113,Customer 133,East,Ranchi,Electronics,Headphones,Sony Headphones,4,41657,15,Card,372,141261.8
ORD10017,2025-10-29,CUST1057,Customer 2,West,Mumbai,Electronics,Mobile,Samsung Galaxy,6,3557,20,Card,157,16916.6
ORD10018,2025-12-09,CUST1125,Customer 55,North,Delhi,Electronics,Mobile,Samsung Galaxy,6,10087,20,COD,182,48235.6
ORD10019,2025-07-01,CUST1109,Customer 106,South,Kochi,Electronics,Laptop,Acer Aspire,4,13163,0,Card,260,52392
ORD10020,2025-02-25,CUST1064,Customer 50,West,Mumbai,Home,Decor,Flower Vase,2,1493,15,Card,213,2325.1
ORD10021,2025-10-09,CUST1026,Customer 13,South,Kochi,Electronics,Laptop,Dell Inspiron,5,61437,5,COD,266,291559.75
ORD10022,2025-03-26,CUST1098,Customer 1,North,Delhi,Electronics,Mobile,Redmi Note,8,63892,5,UPI,70,485509.2
ORD10023,2025-01-30,CUST1149,Customer 139,West,Ahmedabad,Clothing,Women,Women Jeans,8,1034,5,UPI,151,7707.4
ORD10024,2025-04-06,CUST1018,Customer 18,North,Chandigarh,Electronics,Mobile,Redmi Note,3,8255,20,COD,475,19337
ORD10025,2025-10-17,CUST1134,Customer 81,South,Kochi,Electronics,Headphones,Boat Headphones,1,11545,15,Card,338,9475.25
ORD10026,2025-11-27,CUST1077,Customer 118,East,Bhubaneswar,Home,Decor,Table Lamp,4,4851,15,COD,383,16110.4
ORD10027,2025-03-09,CUST1090,Customer 18,East,Kolkata,Electronics,Laptop,HP Pavilion,2,71268,5,Card,175,135234.2
ORD10028,2025-12-08,CUST1142,Customer 77,South,Hyderabad,Clothing,Men,Men Jeans,5,2905,25,Card,44,10849.75
ORD10029,2025-06-25,CUST1053,Customer 68,North,Jaipur,Clothing,Men,Men T-Shirt,3,1515,10,Card,147,3943.5
ORD10030,2025-03-08,CUST1068,Customer 42,West,Ahmedabad,Electronics,Mobile,Redmi Note,5,6578,0,UPI,434,32456
ORD10031,2025-07-09,CUST1150,Customer 142,West,Surat,Home,Furniture,Office Chair,2,11821,5,Card,58,22401.9
ORD10032,2025-05-08,CUST1027,Customer 91,South,Kochi,Electronics,Mobile,OnePlus Nord,6,6029,10,COD,389,32167.6
ORD10033,2025-07-30,CUST1064,Customer 69,West,Pune,Electronics,Mobile,iPhone,7,4048,5,Card,210,26709.2
ORD10034,2025-04-27,CUST1058,Customer 7,South,Bengaluru,Clothing,Men,Men Jeans,4,1217,15,UPI,196,3941.8
ORD10035,2025-12-14,CUST1138,Customer 85,South,Kochi,Clothing,Women,Women Kurti,5,1838,25,Card,244,6648.5
ORD10036,2025-06-26,CUST1081,Customer 112,North,Delhi,Clothing,Men,Men Shirt,5,556,0,Card,262,2518
ORD10037,2025-10-03,CUST1051,Customer 94,North,Lucknow,Home,Furniture,Study Table,1,7644,0,Card,452,7192
ORD10038,2025-06-03,CUST1130,Customer 80,West,Mumbai,Home,Kitchen,Cookware Set,6,11368,0,Card,500,67708
ORD10039,2025-12-13,CUST1045,Customer 146,West,Ahmedabad,Clothing,Kids,Kids Jeans,3,1185,15,Card,234,2787.75
ORD10040,2025-12-02,CUST1083,Customer 120,East,Ranchi,Home,Furniture,Study Table,5,3943,15,Card,350,16407.75
ORD10041,2025-09-21,CUST1086,Customer 24,West,Surat,Home,Furniture,Bookshelf,8,3280,25,COD,185,19495
ORD10042,2025-02-07,CUST1117,Customer 107,South,Hyderabad,Electronics,Mobile,iPhone,1,6857,5,UPI,352,6162.15
ORD10043,2025-02-24,CUST1109,Customer 57,South,Kochi,Clothing,Women,Women Kurti,3,3087,25,COD,497,6448.75
ORD10044,2025-09-29,CUST1144,Customer 82,South,Kochi,Electronics,Headphones,Boat Headphones,2,60629,5,UPI,381,114814.1
ORD10045,2025-11-23,CUST1071,Customer 134,West,Surat,Home,Kitchen,Mixer Grinder,8,7873,10,COD,470,56215.6
ORD10046,2025-10-04,CUST1021,Customer 36,West,Pune,Clothing,Women,Women Kurti,5,1360,10,UPI,203,5917
ORD10047,2025-10-05,CUST1120,Customer 107,South,Chennai,Clothing,Kids,Kids T-Shirt,4,663,15,UPI,209,2045.2
ORD10048,2025-06-30,CUST1077,Customer 100,North,Jaipur,Clothing,Women,Women Top,1,2758,15,UPI,43,2301.3
ORD10049,2025-12-09,CUST1104,Customer 43,West,Pune,Clothing,Men,Men Jeans,7,2389,0,UPI,212,16511
ORD10050,2025-02-12,CUST1110,Customer 35,West,Pune,Home,Decor,Wall Clock,7,10197,20,Card,53,57050.2
ORD10051,2025-07-14,CUST1072,Customer 108,West,Pune,Electronics,Laptop,Acer Aspire,6,28542,15,UPI,212,145352.2
ORD10052,2025-11-30,CUST1011,Customer 8,East,Kolkata,Clothing,Men,Men Shirt,1,1833,5,Card,75,1666.35
ORD10053,2025-10-16,CUST1056,Customer 120,South,Chennai,Electronics,Headphones,Boat Headphones,4,17344,15,Card,98,58871.6
ORD10054,2025-01-14,CUST1080,Customer 148,East,Patna,Electronics,Headphones,Sony Headphones,2,22265,10,COD,336,39741
ORD10055,2025-12-17,CUST1031,Customer 145,West,Surat,Home,Furniture,Office Chair,4,2169,25,UPI,475,6032
ORD10056,2025-01-07,CUST1108,Customer 126,North,Chandigarh,Home,Kitchen,Cookware Set,6,1629,20,Card,214,7605.2
ORD10057,2025-11-30,CUST1070,Customer 138,North,Lucknow,Clothing,Kids,Kids Jeans,3,2183,5,Card,307,5914.55
ORD10058,2025-08-19,CUST1063,Customer 119,West,Surat,Clothing,Kids,Kids Dress,5,1720,5,COD,182,7988
ORD10059,2025-05-13,CUST1088,Customer 72,West,Ahmedabad,Electronics,Laptop,Lenovo IdeaPad,3,64704,5,UPI,448,183958.4
ORD10060,2025-05-04,CUST1122,Customer 126,East,Kolkata,Home,Furniture,Office Chair,4,7158,15,Card,428,23909.2
ORD10061,2025-07-08,CUST1122,Customer 142,West,Mumbai,Electronics,Laptop,Dell Inspiron,7,32690,10,Card,337,205610
ORD10062,2025-04-29,CUST1031,Customer 50,East,Ranchi,Home,Decor,Table Lamp,6,7934,10,UPI,168,42675.6
ORD10063,2025-05-22,CUST1135,Customer 73,East,Kolkata,Home,Decor,Flower Vase,3,3638,5,Card,287,10081.3
ORD10064,2025-03-06,CUST1071,Customer 12,North,Jaipur,Clothing,Men,Men Jeans,3,1638,0,Card,313,4601
ORD10065,2025-08-29,CUST1123,Customer 113,North,Chandigarh,Home,Furniture,Bookshelf,8,2180,0,Card,185,17255
ORD10066,2025-10-23,CUST1014,Customer 39,East,Bhubaneswar,Electronics,Laptop,Acer Aspire,2,9364,15,UPI,77,15841.8
ORD10067,2025-08-15,CUST1077,Customer 110,South,Hyderabad,Electronics,Mobile,Samsung Galaxy,7,30381,20,UPI,270,169863.6
ORD10068,2025-02-11,CUST1041,Customer 62,East,Kolkata,Home,Decor,Wall Clock,4,10748,5,UPI,378,40464.4
ORD10069,2025-05-28,CUST1073,Customer 117,South,Bengaluru,Electronics,Mobile,Redmi Note,8,62392,10,COD,158,449064.4
ORD10070,2025-11-28,CUST1039,Customer 69,North,Jaipur,Clothing,Kids,Kids Dress,4,2141,0,Card,155,8409
ORD10071,2025-06-05,CUST1104,Customer 70,South,Bengaluru,Electronics,Mobile,OnePlus Nord,5,58360,0,UPI,392,291408
ORD10072,2025-02-16,CUST1059,Customer 148,West,Surat,Electronics,Headphones,Boat Headphones,7,43047,20,UPI,53,241010.2
ORD10073,2025-04-03,CUST1150,Customer 112,North,Chandigarh,Home,Furniture,Office Chair,8,9002,25,UPI,182,53830
ORD10074,2025-03-24,CUST1085,Customer 106,West,Mumbai,Clothing,Women,Women Jeans,6,1715,25,COD,479,7238.5
ORD10075,2025-06-15,CUST1030,Customer 104,West,Ahmedabad,Home,Kitchen,Cookware Set,1,7951,0,UPI,169,7782
ORD10076,2025-01-27,CUST1053,Customer 69,North,Lucknow,Clothing,Men,Men T-Shirt,6,2950,15,Card,266,14779
ORD10077,2025-05-03,CUST1041,Customer 80,South,Hyderabad,Clothing,Kids,Kids Jeans,2,518,25,Card,449,328
ORD10078,2025-05-30,CUST1131,Customer 70,North,Lucknow,Electronics,Mobile,Samsung Galaxy,8,16196,25,COD,295,96881
ORD10079,2025-03-11,CUST1018,Customer 71,West,Surat,Clothing,Men,Men Jeans,3,1971,5,Card,300,5317.35
ORD10080,2025-09-08,CUST1039,Customer 115,West,Ahmedabad,Home,Kitchen,Mixer Grinder,5,5391,20,Card,377,21187
ORD10081,2025-05-03,CUST1147,Customer 99,West,Ahmedabad,Clothing,Kids,Kids Dress,7,2265,10,COD,397,13872.5
ORD10082,2025-09-11,CUST1010,Customer 33,South,Kochi,Electronics,Laptop,Acer Aspire,7,51404,25,Card,117,269754
ORD10083,2025-12-02,CUST1040,Customer 20,East,Kolkata,Clothing,Men,Men Shirt,8,462,25,COD,249,2523
ORD10084,2025-12-12,CUST1137,Customer 98,West,Ahmedabad,Clothing,Kids,Kids Dress,7,3061,0,UPI,476,20951
ORD10085,2025-04-27,CUST1024,Customer 112,East,Ranchi,Home,Furniture,Bookshelf,2,4346,25,Card,187,6332
ORD10086,2025-01-29,CUST1076,Customer 92,North,Delhi,Clothing,Men,Men Shirt,5,518,0,UPI,447,2143
ORD10087,2025-07-15,CUST1062,Customer 128,East,Ranchi,Electronics,Mobile,Redmi Note,3,23080,5,COD,352,65426
ORD10088,2025-08-27,CUST1074,Customer 140,South,Chennai,Clothing,Kids,Kids Jeans,8,1445,25,COD,500,8170
ORD10089,2025-08-22,CUST1078,Customer 51,South,Bengaluru,Clothing,Women,Women Top,5,3017,15,Card,168,12654.25
ORD10090,2025-12-04,CUST1102,Customer 71,West,Surat,Electronics,Mobile,Redmi Note,6,39580,25,UPI,51,178059
ORD10091,2025-11-22,CUST1049,Customer 65,North,Delhi,Home,Decor,Table Lamp,5,4270,20,UPI,152,16928
ORD10092,2025-03-09,CUST1024,Customer 76,South,Bengaluru,Home,Decor,Wall Clock,5,7722,0,Card,226,38384
ORD10093,2025-03-26,CUST1066,Customer 124,East,Ranchi,Electronics,Mobile,iPhone,6,70379,20,UPI,465,337354.2
ORD10094,2025-07-23,CUST1143,Customer 94,East,Patna,Electronics,Laptop,HP Pavilion,3,30371,25,Card,385,67949.75
ORD10095,2025-05-15,CUST1150,Customer 98,North,Lucknow,Electronics,Laptop,HP Pavilion,8,49111,25,Card,384,294282
ORD10096,2025-04-24,CUST1017,Customer 119,East,Kolkata,Home,Furniture,Study Table,1,10650,20,UPI,352,8168
ORD10097,2025-05-01,CUST1138,Customer 35,East,Ranchi,Electronics,Mobile,Samsung Galaxy,1,40693,15,COD,89,34500.05
ORD10098,2025-08-01,CUST1026,Customer 126,West,Surat,Clothing,Kids,Kids Dress,7,2805,25,Card,119,14607.25
ORD10099,2025-07-05,CUST1026,Customer 95,West,Ahmedabad,Electronics,Headphones,JBL Headphones,4,58915,15,COD,477,199834
ORD10100,2025-11-25,CUST1006,Customer 13,East,Kolkata,Clothing,Women,Women Kurti,2,2262,0,Card,148,4376
ORD10101,2025-04-30,CUST1085,Customer 38,East,Bhubaneswar,Electronics,Headphones,Boat Headphones,2,73441,5,Card,150,139387.9
ORD10102,2025-01-08,CUST1092,Customer 61,North,Chandigarh,Electronics,Mobile,OnePlus Nord,3,15208,25,COD,107,34111
ORD10103,2025-02-02,CUST1122,Customer 115,East,Kolkata,Electronics,Laptop,HP Pavilion,3,55976,20,COD,421,133921.4
ORD10104,2025-08-23,CUST1008,Customer 16,East,Kolkata,Clothing,Kids,Kids T-Shirt,1,3378,25,Card,194,2339.5
ORD10105,2025-02-11,CUST1083,Customer 38,West,Surat,Clothing,Kids,Kids T-Shirt,8,3317,15,COD,500,22055.6
ORD10106,2025-08-21,CUST1130,Customer 111,North,Jaipur,Clothing,Kids,Kids Dress,6,1960,20,Card,190,9218
ORD10107,2025-06-23,CUST1117,Customer 103,North,Delhi,Home,Decor,Flower Vase,4,7546,15,COD,251,25405.4
ORD10108,2025-02-04,CUST1024,Customer 22,West,Mumbai,Clothing,Women,Women Jeans,5,1933,5,Card,282,8899.75
ORD10109,2025-10-15,CUST1144,Customer 85,North,Lucknow,Electronics,Headphones,Sony Headphones,6,17854,20,COD,340,85359.2
ORD10110,2025-02-23,CUST1148,Customer 130,North,Lucknow,Clothing,Kids,Kids Jeans,1,1578,20,UPI,220,1042.4
ORD10111,2025-05-23,CUST1147,Customer 58,South,Chennai,Home,Kitchen,Mixer Grinder,2,6236,20,UPI,98,9879.6
ORD10112,2025-06-08,CUST1087,Customer 90,West,Mumbai,Home,Decor,Flower Vase,5,974,5,UPI,399,4227.5
ORD10113,2025-01-16,CUST1024,Customer 136,North,Jaipur,Electronics,Headphones,Sony Headphones,7,9920,5,Card,364,65604
ORD10114,2025-10-18,CUST1022,Customer 14,South,Kochi,Clothing,Women,Women Jeans,3,1915,10,Card,206,4964.5
ORD10115,2025-09-06,CUST1114,Customer 107,South,Chennai,Home,Furniture,Bookshelf,2,4958,15,Card,257,8171.6
ORD10116,2025-10-31,CUST1125,Customer 135,East,Bhubaneswar,Home,Furniture,Study Table,7,2316,10,Card,387,14203.8
ORD10117,2025-03-12,CUST1066,Customer 75,East,Kolkata,Electronics,Laptop,HP Pavilion,1,27594,10,COD,432,24402.6
ORD10118,2025-04-28,CUST1129,Customer 144,East,Kolkata,Electronics,Laptop,Acer Aspire,3,17732,15,Card,400,44816.6
ORD10119,2025-06-10,CUST1148,Customer 110,East,Kolkata,Clothing,Kids,Kids T-Shirt,7,476,15,COD,481,2351.2
ORD10120,2025-12-20,CUST1093,Customer 23,West,Surat,Clothing,Men,Men Jeans,1,1730,5,Card,275,1368.5
ORD10121,2025-04-24,CUST1086,Customer 44,West,Mumbai,Electronics,Laptop,Acer Aspire,2,52673,10,Card,213,94598.4
ORD10122,2025-03-17,CUST1061,Customer 27,North,Delhi,Home,Decor,Wall Clock,6,6252,25,Card,457,27677
ORD10123,2025-10-16,CUST1149,Customer 115,South,Hyderabad,Electronics,Mobile,iPhone,2,24018,25,UPI,277,35750
ORD10124,2025-05-21,CUST1015,Customer 91,East,Patna,Electronics,Laptop,HP Pavilion,8,58761,25,UPI,447,352119
ORD10125,2025-02-16,CUST1130,Customer 99,North,Chandigarh,Clothing,Women,Women Kurti,1,1910,10,COD,370,1349
ORD10126,2025-03-19,CUST1016,Customer 116,West,Mumbai,Clothing,Kids,Kids Dress,4,1716,20,UPI,296,5195.2
ORD10127,2025-08-13,CUST1135,Customer 134,North,Chandigarh,Home,Furniture,Bookshelf,3,1141,5,Card,264,2987.85
ORD10128,2025-11-20,CUST1086,Customer 17,South,Hyderabad,Clothing,Women,Women Jeans,7,1785,25,Card,66,9305.25
ORD10129,2025-03-18,CUST1086,Customer 21,East,Kolkata,Home,Decor,Table Lamp,5,4628,25,Card,348,17007
ORD10130,2025-06-08,CUST1144,Customer 97,South,Hyderabad,Clothing,Kids,Kids Dress,7,928,20,Card,83,5113.8
ORD10131,2025-07-05,CUST1005,Customer 93,East,Bhubaneswar,Home,Decor,Flower Vase,2,11084,25,UPI,300,16326
ORD10132,2025-06-01,CUST1026,Customer 130,East,Bhubaneswar,Electronics,Laptop,Acer Aspire,4,30493,5,COD,79,115794.4
ORD10133,2025-12-21,CUST1043,Customer 113,North,Chandigarh,Home,Furniture,Bookshelf,7,3027,5,COD,465,19664.55
ORD10134,2025-08-18,CUST1060,Customer 137,North,Lucknow,Clothing,Kids,Kids Dress,4,2219,20,UPI,425,6675.8
ORD10135,2025-09-28,CUST1108,Customer 42,South,Hyderabad,Clothing,Men,Men Jeans,8,2291,10,UPI,297,16198.2
ORD10136,2025-09-22,CUST1032,Customer 73,South,Chennai,Clothing,Men,Men Shirt,8,1920,20,COD,404,11884
ORD10137,2025-08-19,CUST1090,Customer 7,North,Jaipur,Clothing,Women,Women Top,3,2191,0,COD,458,6115
ORD10138,2025-01-15,CUST1082,Customer 26,West,Mumbai,Clothing,Kids,Kids Jeans,4,1981,0,UPI,154,7770
ORD10139,2025-11-12,CUST1002,Customer 21,East,Bhubaneswar,Electronics,Mobile,OnePlus Nord,8,18991,25,UPI,269,113677
ORD10140,2025-01-25,CUST1062,Customer 108,North,Chandigarh,Electronics,Mobile,Redmi Note,2,38562,5,UPI,102,73165.8
ORD10141,2025-11-11,CUST1091,Customer 62,West,Mumbai,Electronics,Laptop,HP Pavilion,4,19618,10,UPI,40,70584.8
ORD10142,2025-09-17,CUST1142,Customer 6,West,Pune,Home,Decor,Wall Clock,6,1608,20,Card,299,7419.4
ORD10143,2025-02-04,CUST1089,Customer 62,West,Surat,Electronics,Headphones,JBL Headphones,6,34046,25,COD,222,152985
ORD10144,2025-09-03,CUST1047,Customer 35,North,Chandigarh,Electronics,Mobile,OnePlus Nord,6,23749,25,UPI,396,106474.5
ORD10145,2025-09-21,CUST1102,Customer 140,North,Lucknow,Electronics,Laptop,Dell Inspiron,1,26944,0,UPI,198,26746
ORD10146,2025-05-20,CUST1032,Customer 95,West,Ahmedabad,Electronics,Headphones,Boat Headphones,5,47589,0,Card,209,237736
ORD10147,2025-07-08,CUST1133,Customer 69,West,Surat,Home,Kitchen,Electric Kettle,6,3560,15,Card,294,17862
ORD10148,2025-12-05,CUST1076,Customer 79,North,Lucknow,Electronics,Laptop,Dell Inspiron,5,42901,0,COD,207,214298
ORD10149,2025-06-30,CUST1112,Customer 71,West,Surat,Electronics,Headphones,JBL Headphones,6,59406,0,Card,485,355951
ORD10150,2025-01-16,CUST1037,Customer 113,North,Delhi,Home,Decor,Table Lamp,6,8906,25,Card,121,39956
ORD10151,2025-03-20,CUST1116,Customer 95,North,Jaipur,Electronics,Mobile,OnePlus Nord,6,50981,20,COD,349,244359.8
ORD10152,2025-05-08,CUST1030,Customer 7,East,Ranchi,Electronics,Headphones,Boat Headphones,6,52971,10,Card,182,285861.4
ORD10153,2025-04-20,CUST1074,Customer 126,South,Kochi,Home,Kitchen,Cookware Set,2,4788,10,Card,268,8350.4
ORD10154,2025-06-13,CUST1089,Customer 17,South,Bengaluru,Electronics,Mobile,Redmi Note,3,59141,0,Card,472,176951
ORD10155,2025-04-13,CUST1036,Customer 61,East,Patna,Electronics,Headphones,Sony Headphones,3,48181,20,COD,102,115532.4
ORD10156,2025-02-14,CUST1017,Customer 80,West,Mumbai,Clothing,Kids,Kids Dress,6,2314,20,COD,353,10754.2
ORD10157,2025-08-19,CUST1120,Customer 133,West,Surat,Home,Kitchen,Electric Kettle,2,2553,10,Card,77,4518.4
ORD10158,2025-01-29,CUST1032,Customer 133,East,Bhubaneswar,Home,Decor,Flower Vase,3,2614,15,Card,484,6181.7
ORD10159,2025-02-10,CUST1065,Customer 51,South,Hyderabad,Electronics,Mobile,OnePlus Nord,4,46153,20,UPI,473,147216.6
ORD10160,2025-10-25,CUST1040,Customer 44,East,Bhubaneswar,Home,Kitchen,Cookware Set,2,8734,25,COD,343,12758
ORD10161,2025-11-24,CUST1008,Customer 128,East,Kolkata,Electronics,Mobile,Samsung Galaxy,5,28431,20,UPI,356,113368
ORD10162,2025-01-31,CUST1041,Customer 113,East,Patna,Clothing,Men,Men Shirt,7,1618,15,COD,392,9235.1
ORD10163,2025-06-26,CUST1103,Customer 34,West,Surat,Clothing,Men,Men Jeans,3,1680,25,UPI,415,3365
ORD10164,2025-02-19,CUST1013,Customer 75,East,Kolkata,Clothing,Men,Men Jeans,2,1495,15,COD,112,2429.5
ORD10165,2025-08-28,CUST1128,Customer 79,West,Surat,Electronics,Mobile,OnePlus Nord,6,25681,5,UPI,303,146078.7
ORD10166,2025-01-26,CUST1073,Customer 127,West,Mumbai,Electronics,Laptop,Acer Aspire,4,28999,20,UPI,64,92732.8
ORD10167,2025-07-26,CUST1094,Customer 12,West,Ahmedabad,Home,Furniture,Office Chair,7,2694,10,Card,227,16745.2
ORD10168,2025-09-16,CUST1116,Customer 141,West,Mumbai,Home,Decor,Wall Clock,6,9564,10,COD,237,51408.6
ORD10169,2025-03-15,CUST1051,Customer 131,East,Kolkata,Electronics,Mobile,Redmi Note,6,45244,20,UPI,426,216745.2
ORD10170,2025-11-07,CUST1132,Customer 36,West,Mumbai,Electronics,Mobile,iPhone,6,62894,20,UPI,116,301775.2
ORD10171,2025-12-29,CUST1145,Customer 77,East,Patna,Electronics,Laptop,Lenovo IdeaPad,6,67294,20,Card,290,322721.2
ORD10172,2025-12-19,CUST1007,Customer 122,West,Mumbai,Clothing,Women,Women Top,2,2106,20,UPI,447,2922.6
ORD10173,2025-11-14,CUST1098,Customer 38,East,Bhubaneswar,Home,Furniture,Bookshelf,8,3293,20,Card,409,20666.2
ORD10174,2025-03-19,CUST1106,Customer 53,South,Bengaluru,Home,Decor,Wall Clock,4,810,15,UPI,254,2500
ORD10175,2025-12-06,CUST1123,Customer 135,West,Surat,Home,Decor,Wall Clock,3,8998,5,Card,206,25438.3
ORD10176,2025-05-07,CUST1072,Customer 143,West,Ahmedabad,Electronics,Laptop,Lenovo IdeaPad,6,35450,20,UPI,138,170022
ORD10177,2025-09-03,CUST1090,Customer 144,East,Bhubaneswar,Clothing,Women,Women Top,4,3227,25,UPI,202,9479
ORD10178,2025-01-22,CUST1074,Customer 21,East,Patna,Electronics,Headphones,Sony Headphones,7,52512,10,COD,188,330637.6
ORD10179,2025-10-15,CUST1070,Customer 36,East,Ranchi,Home,Kitchen,Cookware Set,8,4005,5,Card,178,30260
ORD10180,2025-08-30,CUST1026,Customer 36,North,Jaipur,Electronics,Mobile,iPhone,4,7680,0,UPI,209,30511
ORD10181,2025-05-27,CUST1016,Customer 23,North,Jaipur,Clothing,Kids,Kids Jeans,8,3064,5,UPI,204,23082.4
ORD10182,2025-05-29,CUST1010,Customer 3,South,Bengaluru,Electronics,Laptop,Dell Inspiron,1,52834,15,COD,423,44485.9
ORD10183,2025-04-09,CUST1029,Customer 85,East,Kolkata,Clothing,Women,Women Jeans,8,949,20,UPI,179,5894.6
ORD10184,2025-06-01,CUST1146,Customer 50,South,Kochi,Home,Kitchen,Cookware Set,3,730,25,UPI,444,1198.5
ORD10185,2025-03-13,CUST1123,Customer 83,South,Kochi,Clothing,Kids,Kids Jeans,2,2041,25,COD,134,2927.5
ORD10186,2025-10-26,CUST1147,Customer 3,South,Bengaluru,Clothing,Women,Women Kurti,8,3487,10,UPI,194,24912.4
ORD10187,2025-12-18,CUST1129,Customer 80,East,Patna,Home,Furniture,Office Chair,2,8125,10,COD,247,14378
ORD10188,2025-11-07,CUST1096,Customer 107,North,Chandigarh,Clothing,Kids,Kids T-Shirt,4,947,15,COD,272,2947.8
ORD10189,2025-07-05,CUST1020,Customer 145,West,Pune,Electronics,Headphones,Sony Headphones,2,69679,15,Card,400,118054.3
ORD10190,2025-03-01,CUST1053,Customer 150,North,Delhi,Home,Decor,Wall Clock,3,3195,10,Card,266,8360.5
ORD10191,2025-10-16,CUST1015,Customer 144,West,Mumbai,Home,Kitchen,Mixer Grinder,8,2661,20,UPI,273,16757.4
ORD10192,2025-02-07,CUST1012,Customer 109,West,Ahmedabad,Home,Furniture,Study Table,5,549,25,COD,336,1722.75
ORD10193,2025-03-11,CUST1108,Customer 96,East,Kolkata,Home,Furniture,Office Chair,8,1019,10,UPI,132,7204.8
ORD10194,2025-10-03,CUST1101,Customer 136,West,Surat,Clothing,Women,Women Kurti,3,3076,10,COD,131,8174.2
ORD10195,2025-04-28,CUST1064,Customer 118,South,Chennai,Electronics,Mobile,OnePlus Nord,8,72161,15,Card,234,490460.8
ORD10196,2025-01-09,CUST1062,Customer 53,East,Bhubaneswar,Clothing,Men,Men Shirt,2,531,25,UPI,354,442.5
ORD10197,2025-08-13,CUST1060,Customer 139,North,Delhi,Home,Furniture,Study Table,1,4509,25,COD,245,3136.75
ORD10198,2025-12-11,CUST1083,Customer 61,South,Bengaluru,Electronics,Headphones,JBL Headphones,4,42599,20,Card,435,135881.8
ORD10199,2025-10-30,CUST1045,Customer 110,East,Bhubaneswar,Home,Decor,Wall Clock,7,5423,10,COD,325,33839.9
ORD10200,2025-07-29,CUST1039,Customer 77,West,Mumbai,Clothing,Kids,Kids Dress,7,2548,10,Card,253,15799.4
ORD10201,2025-08-26,CUST1015,Customer 144,West,Pune,Home,Kitchen,Mixer Grinder,4,5427,25,COD,452,15829
ORD10202,2025-11-28,CUST1021,Customer 116,West,Surat,Home,Decor,Wall Clock,7,4478,10,COD,209,28002.4
ORD10203,2025-11-05,CUST1011,Customer 19,East,Kolkata,Home,Decor,Wall Clock,1,4898,15,Card,349,3814.3
ORD10204,2025-03-02,CUST1123,Customer 63,South,Chennai,Clothing,Men,Men Jeans,5,462,5,COD,419,1775.5
ORD10205,2025-07-03,CUST1079,Customer 67,South,Kochi,Electronics,Headphones,JBL Headphones,5,50694,15,Card,372,215077.5
ORD10206,2025-07-31,CUST1012,Customer 145,East,Ranchi,Clothing,Men,Men Shirt,8,1711,5,UPI,200,12803.6
ORD10207,2025-07-14,CUST1146,Customer 63,South,Chennai,Electronics,Laptop,Acer Aspire,5,20776,5,UPI,157,98529
ORD10208,2025-06-30,CUST1044,Customer 36,West,Ahmedabad,Clothing,Women,Women Top,8,2287,5,Card,447,16934.2
ORD10209,2025-01-04,CUST1106,Customer 36,West,Pune,Home,Decor,Wall Clock,1,1717,25,COD,431,856.75
ORD10210,2025-11-13,CUST1124,Customer 125,South,Bengaluru,Home,Furniture,Office Chair,4,8785,15,UPI,70,29799
ORD10211,2025-10-02,CUST1074,Customer 5,North,Delhi,Home,Decor,Table Lamp,1,774,20,Card,180,439.2
ORD10212,2025-07-01,CUST1069,Customer 102,West,Pune,Electronics,Mobile,iPhone,4,25956,20,Card,169,82890.2
ORD10213,2025-02-11,CUST1009,Customer 24,North,Chandigarh,Clothing,Women,Women Top,4,3255,5,UPI,390,11979
ORD10214,2025-02-12,CUST1128,Customer 112,West,Surat,Clothing,Kids,Kids Jeans,1,3008,0,Card,127,2881
ORD10215,2025-01-24,CUST1020,Customer 72,East,Kolkata,Home,Furniture,Office Chair,4,11842,20,UPI,178,37716.4
ORD10216,2025-06-03,CUST1042,Customer 145,North,Jaipur,Clothing,Men,Men T-Shirt,3,3481,25,UPI,79,7753.25
ORD10217,2025-09-14,CUST1089,Customer 14,South,Kochi,Home,Decor,Table Lamp,7,2792,25,Card,80,14578
ORD10218,2025-08-19,CUST1126,Customer 59,North,Lucknow,Electronics,Mobile,OnePlus Nord,7,43578,0,Card,179,304867
ORD10219,2025-05-07,CUST1019,Customer 22,East,Ranchi,Clothing,Men,Men Shirt,7,751,20,UPI,448,3757.6
ORD10220,2025-02-24,CUST1024,Customer 2,East,Bhubaneswar,Clothing,Kids,Kids Dress,3,3429,15,UPI,224,8519.95
ORD10221,2025-10-13,CUST1143,Customer 132,East,Ranchi,Clothing,Women,Women Kurti,3,757,5,UPI,269,1888.45
ORD10222,2025-07-31,CUST1100,Customer 22,West,Mumbai,Electronics,Mobile,OnePlus Nord,2,43323,15,COD,189,73460.1
ORD10223,2025-03-16,CUST1017,Customer 43,South,Chennai,Home,Kitchen,Mixer Grinder,3,4905,10,UPI,292,12951.5
ORD10224,2025-11-17,CUST1127,Customer 51,West,Ahmedabad,Clothing,Women,Women Jeans,2,1879,10,COD,409,2973.2
ORD10225,2025-06-18,CUST1113,Customer 86,West,Mumbai,Electronics,Laptop,HP Pavilion,7,44344,20,UPI,451,247875.4
ORD10226,2025-06-13,CUST1075,Customer 126,West,Pune,Clothing,Women,Women Top,4,2362,10,COD,243,8260.2
ORD10227,2025-10-07,CUST1047,Customer 141,South,Hyderabad,Clothing,Women,Women Jeans,6,866,20,COD,343,3813.8
ORD10228,2025-09-13,CUST1036,Customer 78,North,Lucknow,Home,Furniture,Study Table,5,11851,0,UPI,384,58871
ORD10229,2025-09-03,CUST1150,Customer 103,South,Hyderabad,Home,Furniture,Bookshelf,7,6676,0,UPI,346,46386
ORD10230,2025-07-01,CUST1043,Customer 12,West,Mumbai,Clothing,Kids,Kids Dress,2,847,5,Card,380,1229.3
ORD10231,2025-09-23,CUST1143,Customer 149,West,Ahmedabad,Clothing,Men,Men T-Shirt,2,1459,5,Card,422,2350.1
ORD10232,2025-06-01,CUST1107,Customer 22,South,Kochi,Clothing,Women,Women Jeans,3,1812,0,UPI,93,5343
ORD10233,2025-09-01,CUST1025,Customer 113,North,Jaipur,Clothing,Women,Women Jeans,8,1247,20,UPI,218,7762.8
ORD10234,2025-12-13,CUST1043,Customer 63,West,Ahmedabad,Electronics,Laptop,HP Pavilion,2,3760,10,Card,95,6673
ORD10235,2025-04-06,CUST1111,Customer 102,South,Chennai,Clothing,Kids,Kids Jeans,8,1349,15,Card,134,9039.2
ORD10236,2025-05-23,CUST1017,Customer 148,North,Jaipur,Clothing,Kids,Kids Jeans,7,418,25,COD,145,2049.5
ORD10237,2025-09-08,CUST1136,Customer 81,North,Jaipur,Clothing,Women,Women Kurti,8,866,10,Card,481,5754.2
ORD10238,2025-12-11,CUST1077,Customer 22,West,Surat,Home,Furniture,Study Table,6,8001,20,COD,456,37948.8
ORD10239,2025-09-19,CUST1100,Customer 108,South,Hyderabad,Electronics,Mobile,OnePlus Nord,2,24792,10,Card,112,44513.6
ORD10240,2025-03-13,CUST1048,Customer 81,South,Kochi,Clothing,Men,Men Jeans,3,2672,5,UPI,187,7428.2
ORD10241,2025-12-01,CUST1127,Customer 105,West,Mumbai,Clothing,Men,Men Jeans,3,1199,15,Card,298,2759.45
ORD10242,2025-04-23,CUST1075,Customer 9,West,Surat,Home,Kitchen,Electric Kettle,3,1854,20,COD,447,4002.6
ORD10243,2025-09-19,CUST1029,Customer 147,East,Bhubaneswar,Home,Kitchen,Mixer Grinder,8,9767,25,UPI,321,58281
ORD10244,2025-02-22,CUST1064,Customer 77,North,Chandigarh,Home,Kitchen,Cookware Set,1,7731,20,COD,257,5927.8
ORD10245,2025-10-29,CUST1090,Customer 110,North,Lucknow,Clothing,Women,Women Kurti,8,880,5,COD,455,6233
ORD10246,2025-03-28,CUST1083,Customer 75,South,Chennai,Electronics,Mobile,Samsung Galaxy,6,70567,10,Card,315,380746.8
ORD10247,2025-12-02,CUST1033,Customer 34,East,Patna,Home,Decor,Wall Clock,3,7243,0,UPI,483,21246
ORD10248,2025-05-18,CUST1107,Customer 97,South,Chennai,Home,Kitchen,Mixer Grinder,7,8519,5,Card,363,56288.35
ORD10249,2025-06-17,CUST1149,Customer 1,West,Mumbai,Home,Furniture,Study Table,5,11882,10,UPI,289,53180
ORD10250,2025-08-08,CUST1055,Customer 127,North,Lucknow,Home,Decor,Flower Vase,6,1537,20,UPI,151,7226.6
ORD10251,2025-12-16,CUST1013,Customer 12,East,Patna,Clothing,Women,Women Top,3,2718,15,UPI,497,6433.9
ORD10252,2025-12-19,CUST1034,Customer 78,North,Lucknow,Electronics,Mobile,iPhone,8,60636,0,UPI,143,484945
ORD10253,2025-03-26,CUST1014,Customer 102,South,Hyderabad,Electronics,Headphones,JBL Headphones,5,11603,10,Card,372,51841.5
ORD10254,2025-03-09,CUST1058,Customer 133,East,Bhubaneswar,Clothing,Kids,Kids T-Shirt,2,404,5,UPI,79,688.6
ORD10255,2025-02-06,CUST1059,Customer 99,West,Mumbai,Electronics,Headphones,JBL Headphones,2,56153,25,COD,284,83945.5
ORD10256,2025-12-13,CUST1037,Customer 18,North,Delhi,Electronics,Laptop,Lenovo IdeaPad,5,18773,15,COD,368,79417.25
ORD10257,2025-11-12,CUST1114,Customer 56,North,Jaipur,Clothing,Women,Women Top,4,2972,25,COD,250,8666
ORD10258,2025-05-22,CUST1022,Customer 64,North,Delhi,Electronics,Mobile,Redmi Note,6,57080,10,COD,166,308066
ORD10259,2025-05-03,CUST1127,Customer 99,East,Kolkata,Home,Kitchen,Mixer Grinder,4,6918,10,Card,67,24837.8
ORD10260,2025-03-09,CUST1100,Customer 146,North,Jaipur,Clothing,Kids,Kids Dress,2,2563,0,UPI,202,4924
ORD10261,2025-01-08,CUST1068,Customer 56,West,Ahmedabad,Home,Decor,Wall Clock,8,1695,0,Card,74,13486
ORD10262,2025-11-24,CUST1138,Customer 138,North,Delhi,Clothing,Kids,Kids Jeans,7,2134,25,UPI,82,11121.5
ORD10263,2025-10-28,CUST1017,Customer 80,South,Hyderabad,Electronics,Laptop,HP Pavilion,4,21165,20,UPI,240,67488
ORD10264,2025-01-29,CUST1080,Customer 45,West,Pune,Electronics,Mobile,Samsung Galaxy,7,16002,15,Card,351,94860.9
ORD10265,2025-09-22,CUST1067,Customer 43,North,Delhi,Home,Furniture,Bookshelf,1,3184,15,UPI,307,2399.4
ORD10266,2025-09-26,CUST1017,Customer 68,East,Bhubaneswar,Home,Kitchen,Cookware Set,2,980,10,UPI,179,1585
ORD10267,2025-03-22,CUST1066,Customer 27,North,Lucknow,Clothing,Kids,Kids Jeans,1,2446,20,COD,228,1728.8
ORD10268,2025-07-06,CUST1099,Customer 39,North,Jaipur,Home,Decor,Wall Clock,1,701,5,COD,281,384.95
ORD10269,2025-06-13,CUST1070,Customer 20,South,Bengaluru,Home,Decor,Flower Vase,7,4178,10,COD,253,26068.4
ORD10270,2025-02-05,CUST1120,Customer 73,East,Kolkata,Home,Decor,Wall Clock,3,4156,20,COD,245,9729.4
ORD10271,2025-06-05,CUST1063,Customer 119,East,Patna,Electronics,Headphones,JBL Headphones,1,49154,5,UPI,328,46368.3
ORD10272,2025-04-30,CUST1139,Customer 89,East,Ranchi,Electronics,Headphones,Sony Headphones,4,20535,0,UPI,52,82088
ORD10273,2025-08-03,CUST1126,Customer 16,North,Chandigarh,Electronics,Headphones,JBL Headphones,5,14424,5,Card,161,68353
ORD10274,2025-10-25,CUST1025,Customer 130,South,Hyderabad,Electronics,Mobile,iPhone,7,49623,15,Card,83,295173.85
ORD10275,2025-05-30,CUST1067,Customer 81,South,Kochi,Electronics,Headphones,Sony Headphones,1,57814,25,COD,161,43199.5
ORD10276,2025-10-27,CUST1028,Customer 40,West,Ahmedabad,Clothing,Women,Women Jeans,4,705,5,COD,439,2240
ORD10277,2025-04-17,CUST1116,Customer 79,North,Jaipur,Clothing,Women,Women Jeans,7,894,20,UPI,434,4572.4
ORD10278,2025-02-16,CUST1064,Customer 92,West,Ahmedabad,Electronics,Mobile,iPhone,5,6086,5,UPI,115,28793.5
ORD10279,2025-10-09,CUST1064,Customer 25,West,Mumbai,Home,Kitchen,Electric Kettle,3,1009,15,UPI,324,2248.95
ORD10280,2025-07-25,CUST1096,Customer 22,West,Mumbai,Electronics,Mobile,Samsung Galaxy,1,29935,5,COD,461,27977.25
ORD10281,2025-01-22,CUST1119,Customer 13,East,Kolkata,Electronics,Mobile,iPhone,8,17680,0,UPI,102,141338
ORD10282,2025-07-01,CUST1055,Customer 48,South,Kochi,Home,Kitchen,Electric Kettle,1,6770,25,UPI,128,4949.5
ORD10283,2025-10-09,CUST1123,Customer 16,East,Patna,Clothing,Men,Men T-Shirt,4,3051,10,UPI,250,10733.6
ORD10284,2025-10-06,CUST1005,Customer 98,North,Chandigarh,Clothing,Men,Men Jeans,4,3032,20,COD,362,9340.4
ORD10285,2025-06-13,CUST1057,Customer 8,East,Ranchi,Home,Kitchen,Electric Kettle,6,6863,10,COD,53,37007.2
ORD10286,2025-05-04,CUST1069,Customer 137,East,Kolkata,Clothing,Kids,Kids Jeans,4,1053,0,COD,376,3836
ORD10287,2025-12-24,CUST1092,Customer 8,North,Jaipur,Home,Kitchen,Electric Kettle,3,3385,5,Card,202,9445.25
ORD10288,2025-01-29,CUST1060,Customer 57,East,Bhubaneswar,Home,Furniture,Study Table,5,3376,15,COD,86,14262
ORD10289,2025-06-15,CUST1016,Customer 6,North,Lucknow,Electronics,Laptop,Dell Inspiron,3,45463,25,COD,450,101841.75
ORD10290,2025-10-28,CUST1026,Customer 87,South,Chennai,Electronics,Headphones,JBL Headphones,2,49767,25,Card,242,74408.5
ORD10291,2025-12-22,CUST1092,Customer 58,East,Patna,Electronics,Mobile,Redmi Note,8,42386,5,Card,327,321806.6
ORD10292,2025-12-26,CUST1147,Customer 101,South,Kochi,Clothing,Kids,Kids Dress,5,921,5,Card,40,4334.75
ORD10293,2025-03-14,CUST1085,Customer 20,North,Jaipur,Home,Kitchen,Cookware Set,4,10979,20,COD,294,34838.8
ORD10294,2025-06-21,CUST1115,Customer 3,South,Hyderabad,Clothing,Men,Men Shirt,2,3303,25,Card,413,4541.5
ORD10295,2025-01-25,CUST1099,Customer 113,East,Bhubaneswar,Electronics,Headphones,Boat Headphones,6,34440,0,Card,40,206600
ORD10296,2025-09-03,CUST1148,Customer 58,West,Pune,Clothing,Women,Women Jeans,6,2636,15,COD,464,12979.6
ORD10297,2025-06-25,CUST1044,Customer 97,South,Kochi,Electronics,Mobile,OnePlus Nord,1,42574,10,COD,77,38239.6
ORD10298,2025-11-07,CUST1112,Customer 41,South,Bengaluru,Home,Furniture,Study Table,8,1007,15,Card,124,6723.6
ORD10299,2025-10-04,CUST1068,Customer 73,North,Delhi,Clothing,Men,Men T-Shirt,7,3255,20,Card,413,17815
ORD10300,2025-08-07,CUST1023,Customer 76,East,Bhubaneswar,Electronics,Mobile,Redmi Note,8,20931,0,UPI,41,167407
ORD10301,2025-03-01,CUST1079,Customer 102,West,Pune,Electronics,Mobile,iPhone,3,39048,0,UPI,472,116672
ORD10302,2025-04-06,CUST1115,Customer 12,West,Surat,Home,Kitchen,Mixer Grinder,7,3529,10,UPI,229,22003.7
ORD10303,2025-12-23,CUST1025,Customer 22,East,Ranchi,Clothing,Women,Women Kurti,5,2711,0,COD,425,13130
ORD10304,2025-12-18,CUST1122,Customer 147,East,Ranchi,Home,Furniture,Bookshelf,1,6842,20,UPI,314,5159.6
ORD10305,2025-10-20,CUST1038,Customer 31,South,Kochi,Clothing,Men,Men Jeans,1,2456,20,Card,449,1515.8
ORD10306,2025-08-11,CUST1052,Customer 38,West,Pune,Electronics,Mobile,iPhone,3,6393,15,COD,389,15913.15
ORD10307,2025-05-22,CUST1134,Customer 118,East,Patna,Home,Furniture,Office Chair,7,9615,15,Card,206,57003.25
ORD10308,2025-02-21,CUST1074,Customer 138,North,Lucknow,Electronics,Laptop,Dell Inspiron,3,13933,0,Card,439,41360
ORD10309,2025-03-30,CUST1071,Customer 104,East,Ranchi,Clothing,Women,Women Top,8,2743,20,UPI,59,17496.2
ORD10310,2025-07-10,CUST1006,Customer 87,South,Kochi,Electronics,Laptop,Lenovo IdeaPad,4,7260,25,UPI,177,21603
ORD10311,2025-08-15,CUST1083,Customer 69,East,Patna,Clothing,Women,Women Top,2,1333,5,UPI,420,2112.7
ORD10312,2025-01-29,CUST1132,Customer 41,West,Mumbai,Electronics,Laptop,Dell Inspiron,7,64299,20,UPI,460,359614.4
ORD10313,2025-04-09,CUST1052,Customer 15,North,Chandigarh,Home,Decor,Table Lamp,3,9089,20,COD,128,21685.6
ORD10314,2025-07-23,CUST1032,Customer 8,South,Bengaluru,Clothing,Men,Men Jeans,4,1522,10,UPI,298,5181.2
ORD10315,2025-06-26,CUST1042,Customer 67,South,Hyderabad,Clothing,Kids,Kids Jeans,3,2343,20,Card,219,5404.2
ORD10316,2025-12-13,CUST1053,Customer 69,North,Chandigarh,Electronics,Laptop,HP Pavilion,3,28891,5,Card,155,82184.35
ORD10317,2025-01-05,CUST1058,Customer 65,West,Mumbai,Home,Furniture,Study Table,3,11106,5,Card,450,31202.1
ORD10318,2025-12-13,CUST1134,Customer 102,East,Patna,Clothing,Women,Women Jeans,8,1432,5,UPI,194,10689.2
ORD10319,2025-02-02,CUST1087,Customer 71,North,Delhi,Home,Decor,Table Lamp,5,5390,25,COD,286,19926.5
ORD10320,2025-05-04,CUST1015,Customer 104,East,Patna,Clothing,Kids,Kids Dress,5,1171,5,Card,431,5131.25
ORD10321,2025-07-18,CUST1010,Customer 150,East,Bhubaneswar,Home,Furniture,Bookshelf,8,5343,10,UPI,247,38222.6
ORD10322,2025-03-29,CUST1143,Customer 47,South,Hyderabad,Home,Decor,Wall Clock,8,11507,10,Card,193,82657.4
ORD10323,2025-06-21,CUST1023,Customer 57,East,Kolkata,Clothing,Men,Men Shirt,5,3370,20,COD,388,13092
ORD10324,2025-08-26,CUST1031,Customer 121,East,Bhubaneswar,Home,Kitchen,Electric Kettle,6,6589,10,Card,190,35390.6
ORD10325,2025-07-31,CUST1014,Customer 39,North,Delhi,Clothing,Men,Men Shirt,2,3188,15,Card,192,5227.6
ORD10326,2025-02-11,CUST1125,Customer 86,South,Chennai,Clothing,Women,Women Top,8,986,10,Card,132,6967.2
ORD10327,2025-03-23,CUST1126,Customer 23,South,Hyderabad,Home,Furniture,Office Chair,8,4981,5,COD,335,37520.6
ORD10328,2025-10-01,CUST1052,Customer 96,South,Kochi,Home,Kitchen,Electric Kettle,7,8321,15,COD,59,49450.95
ORD10329,2025-12-22,CUST1089,Customer 80,North,Chandigarh,Home,Furniture,Office Chair,1,10767,25,COD,155,7920.25
ORD10330,2025-05-29,CUST1117,Customer 134,South,Bengaluru,Clothing,Kids,Kids Dress,5,1084,0,COD,192,5228
ORD10331,2025-07-26,CUST1005,Customer 59,East,Ranchi,Home,Furniture,Study Table,8,6385,5,COD,455,48071
ORD10332,2025-01-20,CUST1097,Customer 66,South,Chennai,Electronics,Headphones,Boat Headphones,3,16943,10,Card,373,45373.1
ORD10333,2025-08-16,CUST1098,Customer 32,North,Delhi,Home,Furniture,Bookshelf,1,1290,25,COD,253,714.5
ORD10334,2025-12-06,CUST1134,Customer 70,East,Ranchi,Home,Furniture,Office Chair,1,5433,15,Card,91,4527.05
ORD10335,2025-04-12,CUST1052,Customer 68,South,Kochi,Electronics,Headphones,Sony Headphones,2,37854,0,COD,294,75414
ORD10336,2025-12-19,CUST1124,Customer 85,South,Hyderabad,Home,Kitchen,Electric Kettle,3,1145,20,UPI,146,2602
ORD10337,2025-09-19,CUST1020,Customer 26,South,Bengaluru,Electronics,Headphones,Boat Headphones,2,65563,5,COD,439,124130.7
ORD10338,2025-01-21,CUST1075,Customer 93,East,Bhubaneswar,Clothing,Women,Women Jeans,8,605,0,COD,487,4353
ORD10339,2025-03-29,CUST1085,Customer 92,East,Ranchi,Home,Furniture,Office Chair,1,658,5,Card,371,254.1
ORD10340,2025-08-22,CUST1070,Customer 99,West,Ahmedabad,Home,Furniture,Study Table,6,3496,0,UPI,244,20732
ORD10341,2025-03-23,CUST1027,Customer 107,West,Surat,Home,Furniture,Office Chair,3,11906,25,COD,472,26316.5
ORD10342,2025-03-08,CUST1124,Customer 125,West,Surat,Electronics,Headphones,JBL Headphones,6,4577,25,Card,496,20100.5
ORD10343,2025-12-14,CUST1135,Customer 148,North,Lucknow,Clothing,Men,Men T-Shirt,5,3082,10,COD,400,13469
ORD10344,2025-09-04,CUST1089,Customer 99,South,Hyderabad,Home,Decor,Flower Vase,2,7591,25,Card,167,11219.5
ORD10345,2025-09-09,CUST1083,Customer 62,South,Bengaluru,Electronics,Headphones,Boat Headphones,8,65790,5,COD,424,499580
ORD10346,2025-08-16,CUST1147,Customer 115,East,Patna,Electronics,Headphones,Boat Headphones,7,53658,5,COD,275,356550.7
ORD10347,2025-07-26,CUST1106,Customer 10,North,Lucknow,Clothing,Women,Women Kurti,8,3452,25,COD,92,20620
ORD10348,2025-12-10,CUST1117,Customer 88,North,Delhi,Home,Decor,Flower Vase,5,8828,20,COD,375,34937
ORD10349,2025-02-19,CUST1057,Customer 1,East,Kolkata,Electronics,Laptop,Lenovo IdeaPad,8,48417,25,UPI,98,290404
ORD10350,2025-03-13,CUST1105,Customer 28,East,Patna,Home,Kitchen,Cookware Set,6,2241,0,COD,292,13154
ORD10351,2025-02-25,CUST1107,Customer 12,East,Bhubaneswar,Electronics,Mobile,Redmi Note,4,60705,5,Card,213,230466
ORD10352,2025-01-25,CUST1142,Customer 111,North,Lucknow,Clothing,Kids,Kids Dress,3,2443,0,Card,416,6913
ORD10353,2025-11-07,CUST1083,Customer 130,West,Pune,Home,Decor,Wall Clock,3,2196,15,Card,347,5252.8
ORD10354,2025-03-10,CUST1036,Customer 106,West,Surat,Home,Decor,Wall Clock,5,7018,10,UPI,271,31310
ORD10355,2025-05-29,CUST1089,Customer 34,East,Patna,Home,Decor,Flower Vase,4,3791,5,Card,405,14000.8
ORD10356,2025-08-02,CUST1137,Customer 74,South,Hyderabad,Home,Furniture,Study Table,8,10048,20,Card,403,63904.2
ORD10357,2025-04-13,CUST1069,Customer 42,West,Mumbai,Home,Furniture,Office Chair,7,2881,0,Card,68,20099
ORD10358,2025-08-20,CUST1027,Customer 144,East,Patna,Electronics,Mobile,OnePlus Nord,4,71732,0,UPI,456,286472
ORD10359,2025-12-17,CUST1081,Customer 142,South,Kochi,Electronics,Headphones,Sony Headphones,5,6957,15,UPI,253,29314.25
ORD10360,2025-11-28,CUST1095,Customer 140,North,Delhi,Home,Kitchen,Mixer Grinder,8,4195,25,Card,403,24767
ORD10361,2025-03-03,CUST1097,Customer 11,South,Chennai,Clothing,Women,Women Kurti,2,1165,5,Card,303,1910.5
ORD10362,2025-08-27,CUST1040,Customer 11,West,Ahmedabad,Home,Kitchen,Mixer Grinder,3,10068,10,COD,209,26974.6
ORD10363,2025-02-07,CUST1082,Customer 135,South,Hyderabad,Home,Furniture,Bookshelf,5,8537,20,Card,223,33925
ORD10364,2025-02-17,CUST1090,Customer 57,South,Chennai,Home,Furniture,Bookshelf,3,7314,20,Card,246,17307.6
ORD10365,2025-10-15,CUST1003,Customer 30,South,Hyderabad,Clothing,Women,Women Jeans,4,3482,20,Card,283,10859.4
ORD10366,2025-02-28,CUST1099,Customer 66,East,Ranchi,Electronics,Headphones,Sony Headphones,4,6026,25,UPI,235,17843
ORD10367,2025-11-30,CUST1050,Customer 83,East,Kolkata,Home,Kitchen,Cookware Set,8,8475,0,UPI,499,67301
ORD10368,2025-04-20,CUST1109,Customer 27,North,Delhi,Electronics,Headphones,Sony Headphones,1,9381,5,Card,362,8549.95
ORD10369,2025-01-20,CUST1023,Customer 19,South,Kochi,Home,Furniture,Bookshelf,3,889,15,Card,209,2057.95
ORD10370,2025-11-19,CUST1104,Customer 111,North,Jaipur,Clothing,Kids,Kids T-Shirt,4,1459,15,UPI,270,4690.6
ORD10371,2025-10-27,CUST1012,Customer 19,East,Kolkata,Clothing,Kids,Kids T-Shirt,1,3027,25,Card,72,2198.25
ORD10372,2025-12-05,CUST1008,Customer 122,East,Kolkata,Clothing,Kids,Kids Jeans,2,1553,15,UPI,242,2398.1
ORD10373,2025-11-28,CUST1096,Customer 3,South,Chennai,Electronics,Headphones,JBL Headphones,5,19684,10,Card,494,88084
ORD10374,2025-06-26,CUST1055,Customer 106,South,Bengaluru,Electronics,Mobile,Redmi Note,2,40736,5,Card,419,76979.4
ORD10375,2025-10-18,CUST1014,Customer 141,South,Chennai,Electronics,Mobile,OnePlus Nord,4,15823,5,Card,449,59678.4
ORD10376,2025-09-07,CUST1085,Customer 92,West,Mumbai,Clothing,Kids,Kids T-Shirt,5,802,5,Card,337,3472.5
ORD10377,2025-11-12,CUST1079,Customer 150,South,Chennai,Electronics,Laptop,HP Pavilion,4,42452,15,UPI,208,144128.8
ORD10378,2025-11-25,CUST1112,Customer 71,South,Hyderabad,Clothing,Women,Women Kurti,1,1682,5,COD,404,1193.9
ORD10379,2025-06-06,CUST1125,Customer 142,East,Bhubaneswar,Home,Decor,Table Lamp,8,8083,15,UPI,436,54528.4
ORD10380,2025-11-17,CUST1020,Customer 20,North,Jaipur,Home,Decor,Wall Clock,5,2793,20,COD,174,10998
ORD10381,2025-10-04,CUST1121,Customer 39,North,Delhi,Home,Decor,Table Lamp,4,1100,20,UPI,318,3202
ORD10382,2025-02-16,CUST1102,Customer 94,East,Ranchi,Electronics,Headphones,Sony Headphones,5,18348,15,Card,301,77678
ORD10383,2025-10-17,CUST1038,Customer 124,North,Jaipur,Home,Decor,Wall Clock,3,7810,5,COD,329,21929.5
ORD10384,2025-12-09,CUST1053,Customer 133,East,Kolkata,Electronics,Laptop,Dell Inspiron,2,35449,10,COD,61,63747.2
ORD10385,2025-09-24,CUST1071,Customer 68,East,Ranchi,Clothing,Women,Women Kurti,1,3056,10,COD,400,2350.4
ORD10386,2025-09-22,CUST1104,Customer 91,South,Kochi,Home,Kitchen,Electric Kettle,2,8965,10,UPI,154,15983
ORD10387,2025-09-21,CUST1072,Customer 55,East,Ranchi,Clothing,Kids,Kids T-Shirt,3,2201,5,COD,79,6193.85
ORD10388,2025-09-04,CUST1123,Customer 123,South,Chennai,Electronics,Laptop,HP Pavilion,4,55144,10,Card,98,198420.4
ORD10389,2025-03-24,CUST1035,Customer 132,South,Chennai,Home,Kitchen,Mixer Grinder,4,1206,5,Card,343,4239.8
ORD10390,2025-11-23,CUST1005,Customer 73,North,Jaipur,Electronics,Mobile,OnePlus Nord,3,68517,15,Card,328,174390.35
ORD10391,2025-03-15,CUST1150,Customer 47,North,Jaipur,Clothing,Kids,Kids Jeans,8,1098,5,UPI,347,7997.8
ORD10392,2025-07-13,CUST1099,Customer 34,East,Bhubaneswar,Home,Decor,Table Lamp,8,10273,20,COD,157,65590.2
ORD10393,2025-09-01,CUST1010,Customer 137,North,Delhi,Electronics,Headphones,Sony Headphones,7,20403,20,COD,130,114126.8
ORD10394,2025-08-04,CUST1095,Customer 12,North,Delhi,Clothing,Kids,Kids T-Shirt,1,3179,25,UPI,307,2077.25
ORD10395,2025-04-30,CUST1022,Customer 73,West,Pune,Clothing,Women,Women Jeans,2,2142,5,UPI,284,3785.8
ORD10396,2025-04-16,CUST1081,Customer 105,West,Ahmedabad,Electronics,Mobile,Samsung Galaxy,2,68926,0,UPI,375,137477
ORD10397,2025-11-10,CUST1071,Customer 102,East,Kolkata,Electronics,Laptop,Lenovo IdeaPad,5,71068,15,Card,227,301812
ORD10398,2025-05-10,CUST1079,Customer 148,South,Kochi,Home,Decor,Table Lamp,3,6565,20,Card,287,15469
ORD10399,2025-02-21,CUST1055,Customer 131,East,Ranchi,Home,Furniture,Bookshelf,2,4264,15,Card,122,7126.8
ORD10400,2025-02-16,CUST1038,Customer 121,West,Ahmedabad,Home,Decor,Flower Vase,1,3133,15,Card,42,2621.05
ORD10401,2025-07-16,CUST1103,Customer 134,West,Mumbai,Electronics,Laptop,Dell Inspiron,6,11290,20,COD,410,53782
ORD10402,2025-09-23,CUST1074,Customer 50,East,Kolkata,Electronics,Headphones,JBL Headphones,8,2203,5,Card,451,16291.8
ORD10403,2025-03-22,CUST1023,Customer 71,North,Jaipur,Home,Furniture,Bookshelf,1,6393,5,Card,40,6033.35
ORD10404,2025-02-05,CUST1024,Customer 141,West,Ahmedabad,Home,Kitchen,Electric Kettle,4,8982,0,Card,400,35528
ORD10405,2025-05-14,CUST1045,Customer 105,East,Patna,Clothing,Women,Women Kurti,4,2262,15,Card,42,7648.8
ORD10406,2025-10-22,CUST1065,Customer 114,North,Delhi,Home,Kitchen,Electric Kettle,2,8909,10,Card,456,15580.2
ORD10407,2025-02-04,CUST1098,Customer 57,West,Surat,Electronics,Laptop,Acer Aspire,8,4384,15,COD,172,29639.2
ORD10408,2025-02-17,CUST1103,Customer 88,South,Hyderabad,Clothing,Women,Women Top,1,3270,10,COD,187,2756
ORD10409,2025-12-16,CUST1049,Customer 128,North,Jaipur,Clothing,Women,Women Jeans,4,2749,10,COD,422,9474.4
ORD10410,2025-11-13,CUST1092,Customer 40,South,Chennai,Home,Furniture,Study Table,4,4255,5,COD,468,15701
ORD10411,2025-09-04,CUST1096,Customer 81,North,Delhi,Electronics,Headphones,Sony Headphones,8,1668,20,COD,474,10201.2
ORD10412,2025-01-28,CUST1135,Customer 109,West,Ahmedabad,Clothing,Men,Men Shirt,5,2029,5,Card,105,9532.75
ORD10413,2025-08-24,CUST1081,Customer 3,West,Mumbai,Home,Kitchen,Electric Kettle,3,7990,0,Card,305,23665
ORD10414,2025-10-08,CUST1068,Customer 61,North,Jaipur,Clothing,Kids,Kids T-Shirt,6,1881,20,UPI,135,8893.8
ORD10415,2025-12-25,CUST1096,Customer 94,East,Ranchi,Home,Kitchen,Electric Kettle,3,8671,15,COD,254,21857.05
ORD10416,2025-02-21,CUST1070,Customer 61,West,Ahmedabad,Clothing,Men,Men Shirt,3,2758,25,COD,456,5749.5
ORD10417,2025-03-10,CUST1133,Customer 137,West,Surat,Electronics,Mobile,iPhone,8,2076,5,UPI,295,15482.6
ORD10418,2025-01-31,CUST1056,Customer 66,East,Ranchi,Clothing,Women,Women Top,1,2031,0,Card,123,1908
ORD10419,2025-05-12,CUST1089,Customer 6,West,Mumbai,Clothing,Kids,Kids Jeans,5,1878,10,Card,325,8126
ORD10420,2025-10-03,CUST1045,Customer 73,West,Mumbai,Clothing,Kids,Kids Dress,4,2762,20,Card,372,8466.4
ORD10421,2025-08-26,CUST1038,Customer 43,East,Patna,Home,Decor,Table Lamp,8,1784,15,Card,186,11945.2
ORD10422,2025-04-27,CUST1081,Customer 82,East,Ranchi,Home,Decor,Flower Vase,7,1668,0,COD,215,11461
ORD10423,2025-09-24,CUST1116,Customer 106,East,Patna,Home,Decor,Table Lamp,5,7789,10,Card,340,34710.5
ORD10424,2025-02-22,CUST1025,Customer 17,South,Chennai,Electronics,Mobile,iPhone,5,11294,5,COD,243,53403.5
ORD10425,2025-12-02,CUST1100,Customer 80,West,Mumbai,Electronics,Laptop,HP Pavilion,2,35200,20,COD,83,56237
ORD10426,2025-01-18,CUST1092,Customer 84,South,Chennai,Home,Kitchen,Electric Kettle,3,2650,20,COD,54,6306
ORD10427,2025-10-30,CUST1117,Customer 145,West,Surat,Home,Kitchen,Cookware Set,8,2713,25,Card,130,16148
ORD10428,2025-07-31,CUST1067,Customer 40,West,Ahmedabad,Clothing,Women,Women Top,4,766,15,UPI,227,2377.4
ORD10429,2025-12-19,CUST1126,Customer 123,East,Kolkata,Electronics,Headphones,Boat Headphones,6,38386,15,Card,44,195724.6
ORD10430,2025-07-30,CUST1144,Customer 112,East,Kolkata,Clothing,Women,Women Top,4,429,20,UPI,136,1236.8
ORD10431,2025-08-05,CUST1062,Customer 133,West,Pune,Electronics,Headphones,Sony Headphones,7,50392,5,UPI,80,335026.8
ORD10432,2025-03-11,CUST1075,Customer 29,East,Patna,Home,Decor,Flower Vase,5,7265,5,COD,133,34375.75
ORD10433,2025-01-26,CUST1137,Customer 6,West,Surat,Clothing,Kids,Kids Dress,8,1169,10,COD,117,8299.8
ORD10434,2025-03-19,CUST1004,Customer 127,South,Bengaluru,Clothing,Women,Women Kurti,8,3378,0,COD,86,26938
ORD10435,2025-02-11,CUST1038,Customer 15,South,Hyderabad,Clothing,Women,Women Jeans,6,2299,25,COD,209,10136.5
ORD10436,2025-01-07,CUST1032,Customer 64,East,Ranchi,Electronics,Headphones,JBL Headphones,3,25991,10,UPI,464,69711.7
ORD10437,2025-12-07,CUST1054,Customer 122,West,Surat,Electronics,Headphones,Boat Headphones,4,61202,25,COD,306,183300
ORD10438,2025-05-10,CUST1124,Customer 77,West,Ahmedabad,Clothing,Men,Men Shirt,1,3450,20,Card,102,2658
ORD10439,2025-01-08,CUST1043,Customer 71,South,Hyderabad,Electronics,Headphones,Boat Headphones,2,31728,25,UPI,206,47386
ORD10440,2025-03-22,CUST1128,Customer 24,North,Lucknow,Electronics,Mobile,Samsung Galaxy,8,21115,10,COD,167,151861
ORD10441,2025-10-13,CUST1089,Customer 113,East,Kolkata,Electronics,Laptop,Dell Inspiron,2,17292,15,COD,202,29194.4
ORD10442,2025-08-13,CUST1144,Customer 76,South,Bengaluru,Home,Kitchen,Electric Kettle,3,4607,0,UPI,401,13420
ORD10443,2025-11-03,CUST1142,Customer 42,West,Pune,Home,Furniture,Bookshelf,6,5803,25,UPI,180,25933.5
ORD10444,2025-07-14,CUST1048,Customer 5,North,Jaipur,Clothing,Women,Women Jeans,6,2259,0,Card,299,13255
ORD10445,2025-10-10,CUST1040,Customer 73,East,Bhubaneswar,Clothing,Kids,Kids T-Shirt,7,1177,20,Card,294,6297.2
ORD10446,2025-03-08,CUST1046,Customer 9,East,Ranchi,Home,Kitchen,Mixer Grinder,2,9072,25,COD,62,13546
ORD10447,2025-09-08,CUST1135,Customer 66,South,Bengaluru,Clothing,Men,Men T-Shirt,1,2738,25,UPI,376,1677.5
ORD10448,2025-02-10,CUST1120,Customer 16,North,Chandigarh,Electronics,Headphones,Sony Headphones,2,2515,5,Card,291,4487.5
ORD10449,2025-06-05,CUST1020,Customer 56,East,Ranchi,Clothing,Kids,Kids T-Shirt,5,2566,0,Card,76,12754
ORD10450,2025-05-08,CUST1146,Customer 46,North,Delhi,Home,Furniture,Bookshelf,7,3604,5,Card,376,23590.6
ORD10451,2025-04-03,CUST1141,Customer 103,West,Mumbai,Home,Decor,Table Lamp,8,11399,15,COD,125,77388.2
ORD10452,2025-07-10,CUST1106,Customer 111,East,Bhubaneswar,Home,Decor,Table Lamp,6,5663,20,UPI,472,26710.4
ORD10453,2025-08-20,CUST1115,Customer 102,East,Bhubaneswar,Home,Decor,Wall Clock,7,9515,25,UPI,224,49729.75
ORD10454,2025-04-20,CUST1081,Customer 6,North,Delhi,Clothing,Kids,Kids T-Shirt,3,1636,0,UPI,153,4755
ORD10455,2025-10-26,CUST1064,Customer 60,East,Bhubaneswar,Electronics,Mobile,Redmi Note,6,21261,5,UPI,227,120960.7
ORD10456,2025-09-05,CUST1045,Customer 125,East,Patna,Electronics,Headphones,JBL Headphones,4,10918,25,UPI,445,32309
ORD10457,2025-08-11,CUST1107,Customer 31,North,Chandigarh,Electronics,Headphones,Sony Headphones,7,11086,0,UPI,218,77384
ORD10458,2025-10-04,CUST1145,Customer 39,South,Bengaluru,Home,Decor,Table Lamp,1,5493,20,COD,203,4191.4
ORD10459,2025-05-29,CUST1101,Customer 38,East,Bhubaneswar,Electronics,Mobile,Redmi Note,8,66955,0,COD,261,535379
ORD10460,2025-08-11,CUST1034,Customer 35,South,Hyderabad,Electronics,Laptop,HP Pavilion,7,35213,0,UPI,296,246195
ORD10461,2025-05-07,CUST1063,Customer 19,West,Pune,Clothing,Women,Women Top,4,2698,20,Card,308,8325.6
ORD10462,2025-07-07,CUST1090,Customer 49,East,Ranchi,Clothing,Kids,Kids Dress,2,860,25,UPI,256,1034
ORD10463,2025-08-15,CUST1038,Customer 113,East,Patna,Home,Decor,Wall Clock,5,3273,10,Card,460,14268.5
ORD10464,2025-05-05,CUST1038,Customer 74,North,Jaipur,Electronics,Headphones,JBL Headphones,3,12047,0,Card,67,36074
ORD10465,2025-10-03,CUST1055,Customer 53,North,Chandigarh,Home,Furniture,Study Table,8,8219,0,UPI,147,65605
ORD10466,2025-01-23,CUST1066,Customer 44,East,Ranchi,Home,Decor,Wall Clock,1,6670,20,Card,309,5027
ORD10467,2025-02-04,CUST1100,Customer 70,North,Chandigarh,Electronics,Headphones,Sony Headphones,5,7757,15,Card,44,32923.25
ORD10468,2025-06-11,CUST1125,Customer 137,East,Kolkata,Electronics,Laptop,Acer Aspire,4,50699,20,Card,90,162146.8
ORD10469,2025-06-20,CUST1126,Customer 101,North,Jaipur,Electronics,Headphones,JBL Headphones,1,6010,5,Card,196,5513.5
ORD10470,2025-05-22,CUST1016,Customer 66,South,Bengaluru,Clothing,Kids,Kids Jeans,6,2960,10,COD,296,15688
ORD10471,2025-02-14,CUST1098,Customer 134,West,Mumbai,Home,Kitchen,Mixer Grinder,3,6099,15,Card,110,15442.45
ORD10472,2025-10-05,CUST1034,Customer 53,South,Kochi,Electronics,Headphones,Boat Headphones,7,41744,20,UPI,269,233497.4
ORD10473,2025-06-12,CUST1018,Customer 143,South,Chennai,Electronics,Laptop,Dell Inspiron,7,19825,25,Card,120,103961.25
ORD10474,2025-08-15,CUST1071,Customer 39,North,Jaipur,Clothing,Men,Men Shirt,1,1705,15,UPI,195,1254.25
ORD10475,2025-12-18,CUST1007,Customer 92,South,Bengaluru,Electronics,Mobile,Samsung Galaxy,5,31066,20,COD,158,124106
ORD10476,2025-08-31,CUST1036,Customer 42,North,Lucknow,Electronics,Headphones,Sony Headphones,8,49815,5,UPI,291,378303
ORD10477,2025-04-14,CUST1053,Customer 17,South,Chennai,Electronics,Laptop,HP Pavilion,5,54938,5,Card,383,260572.5
ORD10478,2025-01-22,CUST1098,Customer 81,South,Kochi,Home,Kitchen,Cookware Set,6,7996,5,UPI,247,45330.2
ORD10479,2025-07-22,CUST1011,Customer 143,West,Mumbai,Home,Furniture,Study Table,8,1194,5,Card,315,8759.4
ORD10480,2025-08-05,CUST1076,Customer 14,West,Mumbai,Electronics,Laptop,Acer Aspire,7,40718,10,UPI,125,256398.4
ORD10481,2025-03-11,CUST1101,Customer 106,South,Kochi,Home,Kitchen,Mixer Grinder,2,3445,20,Card,319,5193
ORD10482,2025-12-21,CUST1042,Customer 32,East,Ranchi,Electronics,Mobile,Redmi Note,4,60396,0,UPI,205,241379
ORD10483,2025-09-19,CUST1041,Customer 97,North,Delhi,Home,Kitchen,Cookware Set,6,1897,20,Card,236,8869.6
ORD10484,2025-08-03,CUST1079,Customer 80,West,Mumbai,Electronics,Laptop,Dell Inspiron,3,19753,5,Card,66,56230.05
ORD10485,2025-05-10,CUST1004,Customer 118,West,Ahmedabad,Home,Furniture,Office Chair,3,3823,0,Card,431,11038
ORD10486,2025-09-01,CUST1117,Customer 105,West,Surat,Home,Furniture,Bookshelf,8,4397,5,Card,377,33040.2
ORD10487,2025-10-13,CUST1054,Customer 13,West,Mumbai,Home,Decor,Wall Clock,4,9467,10,Card,361,33720.2
ORD10488,2025-11-05,CUST1077,Customer 85,South,Chennai,Electronics,Headphones,JBL Headphones,1,19854,0,Card,335,19519
ORD10489,2025-12-25,CUST1147,Customer 144,North,Delhi,Electronics,Laptop,Dell Inspiron,3,38074,20,Card,394,90983.6
ORD10490,2025-07-14,CUST1018,Customer 110,South,Kochi,Home,Decor,Table Lamp,1,2025,10,UPI,228,1594.5
ORD10491,2025-04-18,CUST1054,Customer 15,North,Chandigarh,Clothing,Men,Men T-Shirt,5,1748,20,UPI,308,6684
ORD10492,2025-09-27,CUST1148,Customer 91,North,Delhi,Clothing,Kids,Kids Dress,5,2149,20,UPI,172,8424
ORD10493,2025-12-29,CUST1075,Customer 50,South,Kochi,Home,Decor,Flower Vase,8,8569,5,Card,159,64965.4
ORD10494,2025-06-29,CUST1144,Customer 55,North,Delhi,Electronics,Laptop,HP Pavilion,4,55146,15,COD,210,187286.4
ORD10495,2025-06-15,CUST1002,Customer 30,North,Jaipur,Home,Kitchen,Electric Kettle,2,5542,10,Card,321,9654.6
ORD10496,2025-06-23,CUST1123,Customer 122,East,Patna,Clothing,Kids,Kids Dress,1,1119,5,UPI,466,597.05
ORD10497,2025-07-31,CUST1015,Customer 134,North,Jaipur,Clothing,Men,Men Shirt,8,2599,10,UPI,441,18271.8
ORD10498,2025-07-01,CUST1017,Customer 39,East,Patna,Home,Decor,Wall Clock,4,9960,25,UPI,449,29431
ORD10499,2025-11-01,CUST1030,Customer 79,East,Kolkata,Clothing,Women,Women Top,3,2738,20,UPI,135,6436.2
ORD10500,2025-06-04,CUST1056,Customer 135,East,Kolkata,Clothing,Women,Women Kurti,8,1373,10,UPI,464,9421.6
ORD10501,2025-09-05,CUST1129,Customer 40,East,Bhubaneswar,Electronics,Laptop,HP Pavilion,4,12937,15,Card,52,43933.8
